﻿<parameters>
  <parameter name="IIS Web Application Name" defaultValue="TobiTobi" tags="IisApp">
    <parameterEntry kind="ProviderPath" scope="IisApp" match="^D:\\TMDT\\nhom1\\DoAnNhom\\DoAnNhom\\obj\\Release\\Package\\PackageTmp$" />
    <parameterEntry kind="ProviderPath" scope="setAcl" match="^D:\\TMDT\\nhom1\\DoAnNhom\\DoAnNhom\\obj\\Release\\Package\\PackageTmp$" />
  </parameter>
  <parameter name="Add write permission to App_Data Folder" description="Add write permission to App_Data folder" defaultValue="{IIS Web Application Name}/App_Data" tags="Hidden">
    <parameterEntry kind="ProviderPath" scope="setAcl" match="^D:\\TMDT\\nhom1\\DoAnNhom\\DoAnNhom\\obj\\Release\\Package\\PackageTmp\\App_Data$" />
  </parameter>
  <parameter name="MyConnectionString-Web.config Connection String" description="MyConnectionString Connection String used in web.config by the application to access the database." defaultValue="Data Source=LAPTOP-97PV2JG5\INSTANCESQL;Initial Catalog=webForm;User ID=sa;Password=123;" tags="SqlConnectionString">
    <parameterEntry kind="XmlFile" scope="D:\\TMDT\\nhom1\\DoAnNhom\\DoAnNhom\\obj\\Release\\Package\\PackageTmp\\Web\.config$" match="/configuration/connectionStrings/add[@name='MyConnectionString']/@connectionString" />
  </parameter>
</parameters>